{
  "users": [
    {
      "id": "1f8b",
      "username": "vinayswami2020@gmail.com",
      "email": "vinayswami2020@gmail.com",
      "password": "123",
      "confirmPassword": "123",
      "emp_id": "1",
      "isAuthenticated": false,
      "userImage": "https://img.freepik.com/free-vector/blue-circle-with-white-user_78370-4707.jpg",
      "address": {
        "street": "",
        "landmark": "",
        "area": "",
        "city": "",
        "state": "",
        "country": "",
        "pincode": ""
      },
      "dob": "",
      "mobile": "",
      "gender": ""
    },
    {
      "id": "1c22",
      "username": "vinayswami2020@gmail.com",
      "email": "vinayswami2020@gmail.com",
      "password": "123",
      "confirmPassword": "123",
      "emp_id": "1",
      "isAuthenticated": false,
      "userImage": "https://img.freepik.com/free-vector/blue-circle-with-white-user_78370-4707.jpg",
      "address": {
        "street": "",
        "landmark": "",
        "area": "",
        "city": "",
        "state": "",
        "country": "",
        "pincode": ""
      },
      "dob": "",
      "mobile": "",
      "gender": ""
    }
  ]
}